"","religion","starches","oils","pulses","sugar","vegetables","dairy","meat","fruits","fcs","dietary diversity","num"
"1","Protestant",12.2343324250681,2.20027247956403,8.62806539509537,0.487738419618529,3.03133514986376,7.25340599455041,3.13351498637602,1.14713896457766,38.1158038147139,5.99452804377565,734
"2","Muslim",13.1622276029056,2.92897497982244,7.78692493946731,2.19289749798224,1.8910411622276,14.8022598870057,2.26311541565779,0.571428571428571,45.5988700564972,5.89409862570736,1239
"3","Orthodox",13.3895384615385,2.62092307692308,12.1144615384615,1.46738461538462,2.41661538461538,3.84984615384615,4.032,0.351384615384615,40.2421538461538,5.75955610357583,1625
"4","other",10.8925619834711,1.49586776859504,8.77685950413223,1.02066115702479,2.31404958677686,8.52892561983471,2.64462809917355,0.603305785123967,36.2768595041322,5.50833333333333,121
