"","religion","starches","oils","pulses","sugar","vegetables","dairy","meat","fruits","fcs","dietary diversity","num"
"1","Protestant",-0.767256557982728,-0.405130062808849,-1.24746426592158,-1.01451263970351,0.676727099016303,-1.07392451392417,-0.0857646746409273,0.553388964577657,38.1158038147139,5.99452804377565,734
"2","Muslim",0.160638619854721,0.323572437449556,-2.08860472154964,0.69064643866021,-0.463566888619855,6.47492937853107,-0.95616424535916,-0.0223214285714286,45.5988700564972,5.89409862570736,1239
"3","Orthodox",0.387949478487613,0.0155205345501956,2.23893187744459,-0.0348664439374187,0.062007333767927,-4.47748435462842,0.812720338983051,-0.242365384615385,40.2421538461538,5.75955610357583,1625
"4","other",-2.10902699957977,-1.10953477377784,-1.09867015688472,-0.481589902297241,-0.0405584640705983,0.201595111360135,-0.574651561843395,0.00955578512396693,36.2768595041322,5.50833333333333,121
